{"inputUnits":[42],"outputUnits":2,"inputs":{"0":{"dtype":"number","min":282.2804587008215,"max":384.6940055017843},"1":{"dtype":"number","min":377.4007364945179,"max":464.94495753004367},"2":{"dtype":"number","min":272.19586008072474,"max":393.12789576715085},"3":{"dtype":"number","min":370.2201609087505,"max":462.29415427328274},"4":{"dtype":"number","min":270.4560111976634,"max":423.17367525599536},"5":{"dtype":"number","min":334.3345557884757,"max":450.70614161557586},"6":{"dtype":"number","min":263.290241971661,"max":445.70202821973226},"7":{"dtype":"number","min":299.45278050680037,"max":447.35184056742173},"8":{"dtype":"number","min":250.62717611908627,"max":456.95677931743904},"9":{"dtype":"number","min":272.8345848170179,"max":442.8785033883223},"10":{"dtype":"number","min":271.4609991354107,"max":412.59168291434435},"11":{"dtype":"number","min":311.7756498400237,"max":442.75887750072945},"12":{"dtype":"number","min":263.6375031819038,"max":423.54913265781414},"13":{"dtype":"number","min":266.3821593187947,"max":438.04935716968976},"14":{"dtype":"number","min":270.0366365273206,"max":435.71303349581603},"15":{"dtype":"number","min":238.4637135030118,"max":420.43920106876277},"16":{"dtype":"number","min":267.67913609535094,"max":444.3903662938254},"17":{"dtype":"number","min":216.4327597973704,"max":408.85997008752776},"18":{"dtype":"number","min":297.69240412455923,"max":398.29757299966866},"19":{"dtype":"number","min":312.2613415393237,"max":451.8313036924738},"20":{"dtype":"number","min":297.0296999394151,"max":409.9300554053219},"21":{"dtype":"number","min":261.7246115765349,"max":437.75355412622133},"22":{"dtype":"number","min":295.7483462960694,"max":425.37467585802847},"23":{"dtype":"number","min":229.44966831963137,"max":420.82255457386606},"24":{"dtype":"number","min":271.89163592594275,"max":434.4010690073013},"25":{"dtype":"number","min":206.06727640480113,"max":410.00770420415364},"26":{"dtype":"number","min":284.1923796081064,"max":416.827448836825},"27":{"dtype":"number","min":317.4718444438162,"max":468.52498687100575},"28":{"dtype":"number","min":295.4673458071447,"max":434.2289814805854},"29":{"dtype":"number","min":272.1823701238147,"max":449.4193663996581},"30":{"dtype":"number","min":277.06478423980053,"max":447.0190013521898},"31":{"dtype":"number","min":240.97870382733652,"max":427.7259619126296},"32":{"dtype":"number","min":257.9879622257226,"max":452.54924658783773},"33":{"dtype":"number","min":218.05367080681486,"max":414.4783687698068},"34":{"dtype":"number","min":257.6433036657392,"max":431.07108972274756},"35":{"dtype":"number","min":326.5983568875136,"max":480.6184985576418},"36":{"dtype":"number","min":255.81674837832702,"max":447.2431059301276},"37":{"dtype":"number","min":292.57071507815294,"max":460.59139904715835},"38":{"dtype":"number","min":259.4560994532934,"max":456.29852973501534},"39":{"dtype":"number","min":270.8518722543854,"max":442.65491054263896},"40":{"dtype":"number","min":254.91335798831676,"max":462.6204906302431},"41":{"dtype":"number","min":252.6405301393217,"max":429.2196019640434}},"outputs":{"0":{"dtype":"string","min":0,"max":1,"uniqueValues":["k","b"],"legend":{"k":[1,0],"b":[0,1]}}},"isNormalized":true}